{"freq_range": [1.6666666666666667, 30.0], "freq_res": 1.6666666666666667, "aperiodic_params_": [-10.636014782842205, 1.4441589419025191], "gaussian_params_": [[10.44770880636429, 0.48002334761191956, 1.9157210289062108], [18.656602923738795, 0.2653764745120363, 2.9999999999999263]], "peak_params_": [[10.44770880636429, 0.47122086909806704, 3.8314420578124215], [18.656602923738795, 0.26394069207571924, 5.999999999999853]], "r_squared_": 0.9873949443959726, "error_": 0.04342660487034264}
{"freq_range": [1.6666666666666667, 30.0], "freq_res": 1.6666666666666667, "aperiodic_params_": [-11.05612606881838, 1.2598561735226554], "gaussian_params_": [[10.489022104983398, 0.5151058797447668, 2.80317831240068], [20.412994542044686, 0.32370743783728406, 2.9999999999999996]], "peak_params_": [[10.489022104983398, 0.5081103423276296, 5.60635662480136], [20.412994542044686, 0.32228423889902835, 5.999999999999999]], "r_squared_": 0.9833604482678905, "error_": 0.045194149886960626}
{"freq_range": [1.6666666666666667, 30.0], "freq_res": 1.6666666666666667, "aperiodic_params_": [-11.02738915211606, 1.3569027745468951], "gaussian_params_": [[9.17489923611131, 0.30402634725264366, 2.9999999999999996], [19.4195701993008, 0.24795129798634297, 2.9999999999999996]], "peak_params_": [[9.17489923611131, 0.29453526492136284, 5.999999999999999], [19.4195701993008, 0.24380612020668302, 5.999999999999999]], "r_squared_": 0.9781453312841999, "error_": 0.052321811172421934}
{"freq_range": [1.6666666666666667, 30.0], "freq_res": 1.6666666666666667, "aperiodic_params_": [-11.394650900971422, 1.1352967860355805], "gaussian_params_": [[10.741787710908511, 0.4048825453717549, 2.9999999999999996], [20.968421534509353, 0.36874879975564323, 2.9999999999999996]], "peak_params_": [[10.741787710908511, 0.3931541638802667, 5.999999999999999], [20.968421534509353, 0.35942908353378655, 5.999999999999999]], "r_squared_": 0.9703205966388029, "error_": 0.05461244532025362}
{"freq_range": [1.6666666666666667, 30.0], "freq_res": 1.6666666666666667, "aperiodic_params_": [-11.401151253527548, 1.1755911342651246], "gaussian_params_": [[11.791073775478246, 0.21813272467387046, 2.9999999999999996]], "peak_params_": [[11.791073775478246, 0.2179452459386333, 5.999999999999999]], "r_squared_": 0.9546095267942286, "error_": 0.06823361162671038}
{"freq_range": [1.6666666666666667, 30.0], "freq_res": 1.6666666666666667, "aperiodic_params_": [-11.553150134434452, 1.2676333462050193], "gaussian_params_": [[9.458790339646521, 0.3086967580398697, 2.9999999999999996], [18.6113567912816, 0.436861423763573, 2.9999999999999996]], "peak_params_": [[9.458790339646521, 0.31081248051890675, 5.999999999999999], [18.6113567912816, 0.43887373772273897, 5.999999999999999]], "r_squared_": 0.9634935783029622, "error_": 0.06295579764232656}
{"freq_range": [1.6666666666666667, 30.0], "freq_res": 1.6666666666666667, "aperiodic_params_": [-11.42418624642697, 1.1291451167833721], "gaussian_params_": [[11.682486501238563, 0.5908642097232695, 2.9999999999999996]], "peak_params_": [[11.682486501238563, 0.5908559945630927, 5.999999999999999]], "r_squared_": 0.9056191591090391, "error_": 0.11283651096341746}
{"freq_range": [1.6666666666666667, 30.0], "freq_res": 1.6666666666666667, "aperiodic_params_": [-11.678760825827615, 1.0389947861966053], "gaussian_params_": [[10.155312980779973, 0.6363015923301113, 2.2251053255786184]], "peak_params_": [[10.155312980779973, 0.6347534228358036, 4.450210651157237]], "r_squared_": 0.9316293838914539, "error_": 0.08648200907858833}
{"freq_range": [1.6666666666666667, 30.0], "freq_res": 1.6666666666666667, "aperiodic_params_": [-10.9543489114889, 1.3438740721251428], "gaussian_params_": [[10.027318387236578, 0.47571547597603764, 1.4340263815510306], [14.0997335109284, 0.3144050215809173, 2.0034156254108235]], "peak_params_": [[10.027318387236578, 0.5143687886744619, 2.868052763102061], [14.0997335109284, 0.32558155247029497, 4.006831250821647]], "r_squared_": 0.9837796128743076, "error_": 0.039601321992334744}
{"freq_range": [1.6666666666666667, 30.0], "freq_res": 1.6666666666666667, "aperiodic_params_": [-11.235094203177823, 1.2538156147294826], "gaussian_params_": [[10.889276375672528, 0.5154127223189933, 2.6497027198624625]], "peak_params_": [[10.889276375672528, 0.4937008660497675, 5.299405439724925]], "r_squared_": 0.9628228549705318, "error_": 0.07555032641231987}
{"freq_range": [1.6666666666666667, 30.0], "freq_res": 1.6666666666666667, "aperiodic_params_": [-11.100318850816006, 1.2903926393667553], "gaussian_params_": [[10.396923553393254, 0.5681978361593716, 1.7270393997922342], [18.22949090250539, 0.2769047994877328, 2.9999999999999996]], "peak_params_": [[10.396923553393254, 0.5598192411599587, 3.4540787995844684], [18.22949090250539, 0.2767537169544152, 5.999999999999999]], "r_squared_": 0.981455366056426, "error_": 0.04755467009405123}
{"freq_range": [1.6666666666666667, 30.0], "freq_res": 1.6666666666666667, "aperiodic_params_": [-11.093837412786801, 1.2234630901818122], "gaussian_params_": [[10.67424640595959, 0.3728558742212807, 2.3707987997106073], [20.644413641291784, 0.3003719096262756, 2.9999999999999996]], "peak_params_": [[10.67424640595959, 0.358632710449605, 4.7415975994212145], [20.644413641291784, 0.293684281722733, 5.999999999999999]], "r_squared_": 0.9763963844407042, "error_": 0.04887257583235321}
{"freq_range": [1.6666666666666667, 30.0], "freq_res": 1.6666666666666667, "aperiodic_params_": [-11.332686206808459, 1.0415469454698243], "gaussian_params_": [[10.757463294846774, 0.41289140220223225, 1.7433348637002608], [17.292798688902554, 0.30299267410329334, 2.179429234494245]], "peak_params_": [[10.757463294846774, 0.37682300869014007, 3.4866697274005216], [17.292798688902554, 0.29206433147040123, 4.35885846898849]], "r_squared_": 0.956065378850268, "error_": 0.06048468912088575}
{"freq_range": [1.6666666666666667, 30.0], "freq_res": 1.6666666666666667, "aperiodic_params_": [-10.892352117047308, 1.2954225096912546], "gaussian_params_": [[5.805870730938162, 0.3076369793016024, 2.461910113643793], [13.118231478157602, 0.20164697141244492, 2.9999999999999996], [20.677381873084286, 0.16972080814166177, 2.9999999999999996]], "peak_params_": [[5.805870730938162, 0.29677094324274833, 4.923820227287586], [13.118231478157602, 0.21248044491879092, 5.999999999999999], [20.677381873084286, 0.1799683553960829, 5.999999999999999]], "r_squared_": 0.9883129737440783, "error_": 0.035617677265250926}
{"freq_range": [1.6666666666666667, 30.0], "freq_res": 1.6666666666666667, "aperiodic_params_": [-10.80724904279552, 1.3303281994372746], "gaussian_params_": [[12.432223126154897, 0.40010210575107724, 2.9999999999999996]], "peak_params_": [[12.432223126154897, 0.3872846539797443, 5.999999999999999]], "r_squared_": 0.9534724112486453, "error_": 0.08421289909405427}
{"freq_range": [1.6666666666666667, 30.0], "freq_res": 1.6666666666666667, "aperiodic_params_": [-10.912275335969248, 1.3048714973339173], "gaussian_params_": [[9.488190974297062, 0.3073566200171308, 2.9999999999999996], [17.542646657952854, 0.2353487612666418, 2.935392806487154]], "peak_params_": [[9.488190974297062, 0.31158526700194855, 5.999999999999999], [17.542646657952854, 0.2309447395669899, 5.870785612974308]], "r_squared_": 0.9773426600756049, "error_": 0.05132961258322953}
{"freq_range": [1.6666666666666667, 30.0], "freq_res": 1.6666666666666667, "aperiodic_params_": [-11.128796446662598, 1.3374598196337495], "gaussian_params_": [[10.733176106310694, 0.3643101070275652, 2.9999999999999996], [20.47244040452982, 0.37106123119569545, 2.9999999999999996]], "peak_params_": [[10.733176106310694, 0.35442947569573136, 5.999999999999999], [20.47244040452982, 0.36957556477696407, 5.999999999999999]], "r_squared_": 0.9758633592749921, "error_": 0.05357079914878435}
{"freq_range": [1.6666666666666667, 30.0], "freq_res": 1.6666666666666667, "aperiodic_params_": [-11.250471938565319, 1.2211202636791703],